,horario,local,texto,relevancia
0,2020-08-22 20:58:44,"Fortaleza, Brasil",@jacksoncruz A chuva dos 200 espirros,0
1,2020-08-22 20:44:18,Cear√°,"a unica certeza q tenho eh q qdo abrir o insta vai ter uma ruma de story da ""chuva""",0
2,2020-08-22 20:43:48,Cear√°,@Marisaaloppes aproveita a chuva marisinha vc merece tudo de bom linda,0
3,2020-08-22 20:29:17,"Cear√°, Brazil",do nada uma chuva em sobral??,1
4,2020-08-22 20:28:10,"Cear√°, Brasil",CHUVA REAL EM SOBRAL EM AGOSTO PQP,1
5,2020-08-22 20:24:24,"Cear√°, Brasil",@soucamiis aparentemente a chuva aumentou? üò≥,1
6,2020-08-22 20:21:35,"Cear√°, Brasil",e essa chuva?? do nada,1
7,2020-08-22 20:13:27,"Cear√°, Brasil",Chuva em sobral?????,1
8,2020-08-22 20:11:15,,RT @fortalordinaria: Ser√° que chove ou √© s√≥ Fortaleza frescando com a nossa cara? https://t.co/fzDkzTXZd0,0
9,2020-08-22 20:11:08,Cear√°,amoo a chuva de 2 segundos,0
10,2020-08-22 20:08:42,"Cear√°, Brazil",Valha e essa chuva do nada??,1
11,2020-08-22 20:02:43,Cear√° ,Vou jantar logo pq t√° amea√ßando uma chuva e tomar banho de chuva de noite/madrugada me d√° uma sensa√ß√£o boa,0
12,2020-08-22 19:43:59,"Cear√°, Brasil","Sim mulher iai? vai dar em que?
Quarentena t√° ai,tu n√£o vai me pegar hoje nao.Pode tirar seu cavalinho da chuva,n√£o vou sair na rua a√≠ pra brigar com tu nao.
Eu? me arriscar pegar um corona? 
Hum tu √© dodja https://t.co/7KMjiwbnWP",0
13,2020-08-22 19:43:36,"Cear√°, Brasil",S√≥ eu que sinto cheiro de chuva e sinto vontade de beber? üò∞,0
14,2020-08-22 19:32:37,Fortaleza/CE/Brasil,RT @RCresolve: Chuva Municipal em a√ß√£o ‚òîÔ∏è,0
15,2020-08-22 19:30:33,,RT @Filhote155: A chuva acabando com os planos üòè,0
16,2020-08-22 19:29:07,"Fortaleza, Brasil",A chuva acabando com os planos üòè,0
17,2020-08-22 18:46:27,cear√°,"bicho que vento doido √© esse aqui hoje? nam, muito rel√¢mpago mas nada de chuva üò≠",0
18,2020-08-22 18:07:55,"Fortaleza, Brasil",@_paodiqueijo Imagina na chuva,0
19,2020-08-22 17:29:46,Cear√°,"J√° sei que o povo tem amor pelo meu cabelo viu, pq foi chuva de direct kkkkkkkkkkkkkkkkk scrr",0
20,2020-08-22 17:04:55,"Fortaleza, Brasil","Esses dias uma pessoa me perguntou se eu conseguia viver dos livros e contos que escrevo... A minha resposta foi uma chuva de kkkk e isso nem √© engra√ßado, √© triste, de v√°rias formas.",0
21,2020-08-22 16:38:00,Monsenhor Tabosa CE ,RT @fortalordinaria: Ser√° que chove ou √© s√≥ Fortaleza frescando com a nossa cara? https://t.co/fzDkzTXZd0,0
22,2020-08-22 15:23:06,"Fortaleza, Brasil",RT @fortalordinaria: Ser√° que chove ou √© s√≥ Fortaleza frescando com a nossa cara? https://t.co/fzDkzTXZd0,0
23,2020-08-22 15:13:03,"Fortaleza, Brasil","chuva roxa, chuva roxa, s√≥ queria te ver debaixo da chuva roxa",0
24,2020-08-22 15:08:58,"Fortaleza, CE","@freeblowjob √â o lance la do filme do parasita

S√≥ que em vez de chuva √© neve",0
25,2020-08-22 15:04:21,,RT @fortalordinaria: Ser√° que chove ou √© s√≥ Fortaleza frescando com a nossa cara? https://t.co/fzDkzTXZd0,0
26,2020-08-22 14:39:42,"Fortaleza, Brasil","@mjBeats @btsparabarmys Nessa playlist voc√™ aprende at√© a fazer Bolinho de chuva, adorei",0
27,2020-08-22 14:35:03,Cear√°,"@svradateruchka pior que eu curto chuva demais mas √© raro aqui, em compensa√ß√£o quando tem pelo menos √© forte, achei que o cear√° ia acabar mais cedo esse ano quando teve uns raios sinistros demais numa tempestade aqui",0
28,2020-08-22 14:29:38,Cear√°,o cara precisou assistir filme do outro lado do mundo pra perceber que aqui acontece desgra√ßa toda vez que chove um pouquinho https://t.co/rGj9ozrMFV,0
29,2020-08-22 14:23:07,"Fortaleza, Brasil","Na escola que sou professor ningu√©m lembrou do dia do Coordenador, depois que parabenizei as colegas veio uma chuva de felicita√ß√µes puxando o saco kkkkkk",0
30,2020-08-22 14:19:02,"Cear√°, Brasil","@GabiMartinsOF Beijo na chuva, n√© Gabriela?",0
31,2020-08-22 13:57:59,"Fortaleza, Brasil","Parasita √© pra ser lembrado tamb√©m na hora do frio intenso, n√£o s√≥ na chuva. Assim como tem pessoas que pede tudo na chuva, tem gente que perde a vida passando frio na rua.",0
32,2020-08-22 13:31:41,Brasil,@badbsxy show. leva guarda chuva pra gente n precisar ficar aglomerando no caic√≥ pq tu sabe ne. nao pode aglomerar,0
33,2020-08-22 13:20:58,"Fortaleza, Brasil","#LBFF Tenho 2 perguntas , 1¬∞ Hads voc√™ acha que a Corinthians na 1¬∞ fase se saiu bem? , 2¬∞ vai ter chuva de codiguin ou dropzinn na LBFF ??",0
34,2020-08-22 12:23:04,"Cear√°, Brasil","@ggabio06 @MihLeitte Cear√° n√£o chove kkkkkk
PAM TE AMAMOS",0
35,2020-08-22 11:54:05,"Fortaleza, Brasil",Pessoal fala que nordestino n√£o pode ver uma chuva que j√° grava e posta! E o sul a√≠ em peso falando do frio ... Enfim,0
36,2020-08-22 11:47:14,"Fortaleza, Brasil",@RCresolve Eu ainda n√£o vi chuva aqui?,0
37,2020-08-22 11:28:40,"Fortaleza, Brasil",fazendo td pra atrair chuva: botando o colch√£o pra pegar sol falando alto que quero ir pra praia usando um cal√ßado q n√£o pode pegar chuv,0
38,2020-08-22 11:19:27,,RT @fortalordinaria: Ser√° que chove ou √© s√≥ Fortaleza frescando com a nossa cara? https://t.co/fzDkzTXZd0,0
39,2020-08-22 11:13:00,,RT @pauloelienay: Mois√©s Santos era funcion√°rio do Carrefour no Recife. Ele teve um mau s√∫bito e faleceu dentro do estabelecimento. Para n√£‚Ä¶,0
40,2020-08-22 10:59:39,"Fortaleza, Brasil",@maralivosaa tu respons√°vel? hoje chove,0
41,2020-08-22 10:57:29,"Fortaleza, Cear√°","@rafa_lafel Eu sabia tanto que essa esta√ß√£o de chuva prolongada ia emendar nas chuvas do caju. Cear√°, chuva o ano inteiro.",0
42,2020-08-22 10:56:28,Fortaleza-Cear√°-Brasil,"@fortalordinaria olha, eu moro a√≠ nesse condominio, foi s√≥ uma frescada msm, todo dia fica assim umas 9 da noite mas chuva q √© bom num cai, pra n dizer q n, ontem caiu uma chuvinha s√≥ pra subir o morma√ßo e atacar minha alergia kkkk",0
43,2020-08-22 10:47:44,Fortaleza-CE,"O pessoal acha que a mem√≥ria do brasileiro √© curta s√≥ pra fatos pol√≠ticos, quando na verdade √© pra tudo. Todo ano o pessoal se assusta quando come√ßa o per√≠odo das chuvas, frio, calor, etc, como se todo ano n√£o fosse igual",0
44,2020-08-22 10:40:51,,RT @fortalordinaria: Ser√° que chove ou √© s√≥ Fortaleza frescando com a nossa cara? https://t.co/fzDkzTXZd0,0
45,2020-08-22 10:32:43,Fortaleza,Rezando para que esse frio nunca chegue ao nordeste. Aqui tem que chegar √© chuva na semana e Sol aos s√°bados e domingos. #URGENTE,0
46,2020-08-22 10:19:45,"Fortaleza, Brasil",@VaporKratos Quem t√° na chuva √© pra se molhar,0
47,2020-08-22 10:12:24,"A 6.428 km de NOVA YORK, EUA ","RT @fortalordinaria: 2 coisas que o cearense t√° com saudade:

1 - a chuva

2 - filmar a chuva",0
48,2020-08-22 10:08:58,"Fortaleza, Brasil",Moradores registram chuva congelada em Curitiba https://t.co/bLRniPxDOi,0
49,2020-08-22 10:08:45,"Fortaleza, Brasil","@isanooemy Pois √©. A maior alegria do cearense, pelo que eu sei, √© quando chove.",0
50,2020-08-22 09:58:37,"Fortaleza, Brasil","@andrepandadiniz Realmente, mas para cearense qualquer gota de chuva nos faz feliz!",0
51,2020-08-22 09:39:02,"Fortaleza, Brasil",Chuva do caju tbm conhecida como chuva da gripe.,0
52,2020-08-22 09:27:11,na lua,RT @fortalordinaria: Ser√° que chove ou √© s√≥ Fortaleza frescando com a nossa cara? https://t.co/fzDkzTXZd0,0
53,2020-08-22 08:58:03,soy boiola,RT @fortalordinaria: Ser√° que chove ou √© s√≥ Fortaleza frescando com a nossa cara? https://t.co/fzDkzTXZd0,0
54,2020-08-22 08:33:01,Fortaleza ,justo no dia que resolvo dar um pulim na praia bem rapidin amanhece nublado com cara de chuva todo castigo pra etc √© pouco msm viu,0
55,2020-08-22 08:30:11,"Fortaleza, Brasil","Eu ia de 024 pro Passar√©, mas esse tempinho de chuva n√£o vai dar n√£o, vou de uber Kkkkkkkkkkkk",0
56,2020-08-22 08:28:56,"Fortaleza, Brasil","@fortalordinaria Acho meio dif√≠cil esperar que chuva ,hj.esta s√≥ com cara de chuva...",0
57,2020-08-22 08:19:53,"Fortaleza, Brasil",O tempo t√° bonito pra chuva aqui em fortal....falta s√≥ chover https://t.co/l6eQendUX7,0
58,2020-08-22 08:14:20,"Cear√°, Brasil",@AdriDricaDidica T√° latindo n√£o chuva debaixo da minha janela. Ela eh a base de esporro jkkk ‚ù§Ô∏è,0
59,2020-08-22 08:02:39,"Cear√°, Brasil","@AdriDricaDidica Aqui na fazenda mta chuva üôåüèª, vento e frio",1
60,2020-08-22 07:47:51,Fortaleza,e esse tempo de chuva hein...,0
61,2020-08-22 07:01:36,Fortaleza - CE - Brasil,@Barreto269 A chuva foi pra limpar. Os que veem outra coisa poderiam ao menos aprender a escrever antes de anotar sua posi√ß√£o aqui no twitter.,0
62,2020-08-22 06:44:14,"Fortaleza, Brasil",O meu foi depois de parasita mas pq Sami no meio da cena da enchente falou q o msm rolou c ele e as pessoas na baixa pau. √â isso https://t.co/G6Nrt2sN4a,0
63,2020-08-22 06:35:11,"Fortaleza, Brasil",t√° com clima de chuva....,0
64,2020-08-22 05:36:00,ceara,RT @fortalordinaria: Ser√° que chove ou √© s√≥ Fortaleza frescando com a nossa cara? https://t.co/fzDkzTXZd0,0
65,2020-08-22 05:15:24,"Fortaleza, Brasil","@andrepandadiniz ‚ÄúA chuva do caju‚Äù, assim dizia a mam√£e destes respingos em agosto e setembro",1
66,2020-08-22 03:23:05,"Fortaleza, Brasil","pfvr que amanh√£ chova bem mt p eu passar o dia agarrada cm o boy, vou passar de qlqr jeito mas cm chuva seria top
t√° deus? pfvr",0
67,2020-08-22 02:57:57,"Fortaleza, Brasil","Tem uns dois meses que n√£o chove hoje armei uma rede aqui na varanda pra dormir, n√£o preciso nem dizer o que t√° acontecendo",1
68,2020-08-22 02:56:05,"Fortaleza, Brasil",Mas se √© pra chover chove direito √¥ caralho üò§üò°üò†ü§¨,1
69,2020-08-22 02:52:44,"Fortaleza, Brasil",A chuva veio e est√° me expulsando da varanda ü•∫,1
70,2020-08-22 02:34:40,"Fortaleza, CE",RT @fortalordinaria: Ser√° que chove ou √© s√≥ Fortaleza frescando com a nossa cara? https://t.co/fzDkzTXZd0,0
71,2020-08-22 01:52:23,"Fortaleza, Brasil",Fortaleza pf eu quero chuva,0
72,2020-08-22 01:41:17,"Cear√°, Brasil",E essa chuva no triunfo,1
73,2020-08-22 01:39:48,Fortaleza,Minha retrospectiva do deezer vai ter s√≥ sons de chuva para dormir,0
74,2020-08-22 01:29:26,"Fortaleza, Brasil","@matheus_t02 asoro em Fortaleza-Cear√° a 20 anos
A alguns anos atr√°s existia  f√°brica da Seca isso acabou mais no sertao  existe muita pobreza e fome s√≥ n√£o acontece quando tem chuva em abund√¢ncia como esse ano  A √©poca de passar sem chover p√≥r 2 √°nos.Nada a colher s/fome.",0
75,2020-08-22 01:25:14,"Fortaleza, Brasil",@RCresolve d√° uma segurada na chuva viu,0
76,2020-08-22 01:23:22,"Fortaleza, Brasil",peguei um respinguim de chuva e t√¥ tossindo ja,0
77,2020-08-22 01:18:27,"Cear√°, Brasil","""T√Å NA CHUVA √â PRA SE MOLHAR""
@miguelgsr",0
78,2020-08-22 01:07:07,"Fortaleza, Brasil",Cad√™ a chuva? Foi s√≥ ilus√£o mesmo? √ß.√ß,0
79,2020-08-22 00:47:45,,RT @fortalordinaria: Ser√° que chove ou √© s√≥ Fortaleza frescando com a nossa cara? https://t.co/fzDkzTXZd0,0
80,2020-08-22 00:37:57,Fortaleza,@eduardolacerdab Chuva do Caju,1
81,2020-08-22 00:35:20,1.0 | let√≠ci…ë ¬∑ m…ërjorie,@dickforliam amg aq nem chove mt acredita,0
82,2020-08-22 00:29:21,Cear√°,"sufocada pelo bafo da chuva, mas pode mandar mais, t√° tudo",1
83,2020-08-22 00:25:57,"Cear√°, Brasil",cheirin de chuva bom,1
84,2020-08-22 00:22:07,"Fortaleza, Brasil","Indo  praquela praia agora, sentindo que vou pegar aquela chuva marota",0
85,2020-08-22 00:18:57,fortaleza-ce,"O seguran√ßa jurava que nos ia pixar a parede do condom√≠nio, e nos s√≥ tava esperando a chuva passar mesmo.",0
86,2020-08-22 00:14:42,"Fortaleza, Brasil",RT @fortalordinaria: Ser√° que chove ou √© s√≥ Fortaleza frescando com a nossa cara? https://t.co/fzDkzTXZd0,0
87,2020-08-22 00:03:15,Fortal city,RT @fortalordinaria: Ser√° que chove ou √© s√≥ Fortaleza frescando com a nossa cara? https://t.co/fzDkzTXZd0,0
88,2020-08-22 00:02:46,"Fortaleza, Brasil",RT @fortalordinaria: Ser√° que chove ou √© s√≥ Fortaleza frescando com a nossa cara? https://t.co/fzDkzTXZd0,0
89,2020-08-22 00:00:36,"Fortaleza, Brasil","s√≥ o que faltava aqui no pr√©dio, chuva de abelhas",0
90,2020-08-21 23:55:54,Capital do Cear√° ,@eduardolacerdab Chuva do caju! Parece que num √© cearense! Heheh,1
91,2020-08-21 23:48:29,"Fortaleza, Brasil","Chuva dos caju, minha filha, seja mais caj√°, e caia j√°, logo, ligeiro, cuida!",0
92,2020-08-21 23:48:17,"Fortaleza, Brasil",RT @fortalordinaria: Ser√° que chove ou √© s√≥ Fortaleza frescando com a nossa cara? https://t.co/fzDkzTXZd0,0
93,2020-08-21 23:47:42,,RT @fortalordinaria: Ser√° que chove ou √© s√≥ Fortaleza frescando com a nossa cara? https://t.co/fzDkzTXZd0,0
94,2020-08-21 23:46:08,Cear√° - Fortaleza,Noite com chuva ‚òîÔ∏è em Fortaleza üå® Boa noite e excelente madrugada para todos ‚ù§Ô∏èüå®‚òîÔ∏èüôèüèª https://t.co/l8rpWC0JCU,1
95,2020-08-21 23:41:45,"Fortaleza, Brasil",cheirinho de chuva,1
96,2020-08-21 23:40:59,"Fortaleza, Brasil","@otacarina Mulher, a desgra√ßa saiu correndo atr√°s da bike no mei da chuva",0
97,2020-08-21 23:40:57,Fortaleza,Chuva na Sapiranga üåø,1
98,2020-08-21 23:37:43,"Fortaleza, Cear√° - Brasil.",CHUVA EM FORTALEZA üò≠üåßÔ∏è finalmenteeee pq esses dias e noites andavam t√£o quentes &lt;3,1
99,2020-08-21 23:34:46,Brasil,Chuva cai la fora ....,1
